variable,coef
intercept,0.03359268424254466
X1,4.049461722140837
X3,2.0615501992233525
X5,1.504413937934269
X7,-0.04559878929111659
X8,0.021025502987034306
X9,-0.06663833884789744
X10,-0.017893035910079874
