Variable,Coeficiente
Intercepto,-0.01896228963111262
X1,4.044252059614572
X3,1.9992875213509107
X5,1.5242874286157466
X6,0.5160876120563501
X7,0.1696146886625103
X10,-0.008712267289731221
