Variable,Coeficiente
Intercepto,-0.018962289631111157
X1,4.044252059614571
X3,1.9992875213509114
X5,1.5242874286157462
X6,0.5160876120563485
X7,0.16961468866250978
X10,-0.008712267289728813
