variable,indice
X6,6.171125396814527
X2,2.3304861671658244
X4,4.06380751755176
