RMSE,R2,Durbin-Watson
0.9808286317600691,0.9635984575458464,1.6740547609463
