metric,value
RMSE,1.0459755817162932
R2,0.9470212670497768
Durbin-Watson,1.7717904055307971
