RMSE,R2,Durbin-Watson
1.0669682725144924,0.947438215183716,1.791377885498029
