RMSE,R2,Durbin-Watson
0.9957478472213754,0.9496000971746354,1.9632695777794236
